en,id,pos,description
About,Tentang,adverb,
"accent color","warna aksen",noun,
access,akses,noun,
access,mengakses,verb,"Gunakan bentuk kata kerja yang sesuai: ""mengakses"" atau ""akses"""
accessed,diakses,verb,
"Accessibility Handbook","Buku Panduan Aksesibilitas",noun,
accordion,accordion,noun,"Istilah UI, terinspirasi dari alat musik akordeon"
account,akun,noun,
achievement,capaian,noun,
action,tindakan,noun,
"action hook","action hook",noun,"Istilah teknis. Referensi: https://developer.wordpress.org/plugins/hooks/actions/"
activate,mengaktifkan,verb,"Gunakan bentuk kata kerja yang sesuai: ""mengaktifkan"" atau ""aktifkan"""
activated,diaktifkan,verb,
activation,aktivasi,noun,
"activation email","e-mail aktivasi",noun,
active,aktif,adjective,
activity,aktivitas,noun,
"ad policy","kebijakan iklan",noun,
add,menambahkan,verb,"Gunakan bentuk kata kerja yang sesuai: ""menambahkan"" atau ""tambahkan"""
"add new","menambahkan baru",expression,
"add to","menambahkan pada",verb,
"add to cart","tambahkan ke keranjang",expression,
add-on,ekstensi,noun,
addon,tambahan,noun,
address,mengatasi,verb,
admin,administrator,noun,
"admin bar","bar administrator",noun,
"admin panel","panel administrator",noun,
administrator,administrator,noun,
advanced,"tingkat lanjut",adjective,
Akismet,Akismet,noun,
align,meratakan,verb,"Dalam konteks meratakan teks menyesuaikan margin, dalam konteks lain, bisa juga diterjemahkan ke ""menyelaraskan"". Gunakan bentuk kata kerja yang sesuai: ""meratakan"" atau ""ratakan"""
align,menyelaraskan,verb,
alignment,perataan,noun,
all,semua,adjective,
all-in-one,"semua tersedia",adjective,
allow,memungkinkan,verb,
allow,izinkan,verb,
analyze,menganalisis,verb,
analyzed,dianalisis,verb,
analyzes,menganalisis,verb,
analyzing,menganalisis,verb,
anchor,anchor,noun,
anonymize,menganonimkan,verb,"Tersedia di KBBI: https://kbbi.kemdikbud.go.id/entri/menganonimkan"
anti-spam,"anti spam",noun,
API,API,noun,
"API Key","API Key",noun,
apologize,"meminta maaf",verb,
app,aplikasi,noun,
appearance,tampilan,noun,
apply,menerapkan,verb,"Gunakan bentuk kata kerja yang sesuai: ""menerapkan"" atau ""terapkan"""
approval,persetujuan,noun,
approve,menyetujui,verb,
approved,diterima,verb,
"arbitral decision","keputusan arbitrase",noun,
archive,arsip,noun,
archive,mengarsipkan,verb,"Gunakan bentuk kata kerja yang sesuai: ""mengarsipkan"" atau ""arsipkan"". Contoh pada kalimat perintah: ""Arsipkan artikel ini"""
archived,diarsipkan,verb,
"are you sure","apakah Anda yakin",expression,
"are you sure you want to","apakah Anda yakin ingin",expression,
area,wilayah,noun,
argument,argumen,noun,
array,array,noun,
article,artikel,noun,
asc,"di atas",adjective,
ascending,"urut naik",adjective,
aside,tambahan,noun,
"aspect ratio","rasio aspek",noun,
assign,"memberikan akses",verb,"Gunakan bentuk kata kerja yang sesuai: ""memberikan akses"" atau ""berikan akses"""
at,pada,preposition,
"At a Glance",Sekilas,noun,
"at the bottom","di bawah",preposition,
"at the top",terbaik,expression,
attach,melampirkan,verb,"Gunakan bentuk kata kerja yang sesuai: ""melampirkan"" atau ""lampirkan"""
attached,terlampir,verb,
attachment,lampiran,noun,
attribute,atribut,noun,
audio,audio,noun,
"audio player","pemutar audio",noun,
audit,audit,noun,
audit,mengaudit,verb,
authenticate,membuktikan,verb,
authentication,autentikasi,noun,
"Authenticator app","aplikasi authenticator",noun,
author,penyusun,noun,"Pembuat plugin dan tema."
author,penulis,noun,"Pembuat konten, seperti artikel dan halaman."
authorization,otorisasi,noun,
authorize,"memberikan otorisasi",verb,
authorized,diotorisasi,verb,
"auto renew","memperbarui otomatis",verb,"Gunakan bentuk kata kerja yang sesuai: ""memperbarui otomatis"" atau ""perbarui otomatis"""
auto-updates,"pembaruan otomatis",adjective,
automate,"membuat otomatis",verb,"Gunakan bentuk kata kerja yang sesuai: ""membuat otomatis"" atau ""buat otomatis"""
"automatic renewal","pembaruan otomatis",noun,
automation,otomatisasi,noun,
autosave,"penyimpanan otomatis",noun,
autosave,"menyimpan otomatis",verb,"Gunakan bentuk kata kerja yang sesuai: ""menyimpan otomatis"" atau ""simpan otomatis"""
available,tersedia,adjective,
avatar,avatar,noun,"Gambar yang merepresentasikan pengguna."
average,rata-rata,noun,
"back end","back end",noun,
"back up",mencadangkan,verb,"Gunakan bentuk kata kerja yang sesuai: ""mencadangkan"" atau ""cadangkan"""
back-compat,back-compat,noun,"Compat adalah kependekan dari ""compatibility""."
back-office,kantor,noun,
backend,backend,adjective,
background,"latar belakang",noun,"Warna belakang dari sebuah artikel blog."
"background color","warna latar belakang",noun,
"background image","gambar latar belakang",noun,
"background pattern","pola latar belakang",noun,
backtick,backtick,noun,
backup,"cadangan, pencadangan",noun,
"backup code","kode cadangan",noun,
"backward compatibility","kompatibilitas terbalik",adjective,
badge,lencana,noun,
banner,spanduk,noun,
bar,bar,noun,
base,dasar,noun,
basic,dasar,noun,"Dalam konteks WordPress.com Basic."
bbPress,bbPress,noun,
behavior,perilaku,noun,
below,"di bawah",preposition,
billing,penagihan,noun,
"billing history","riawayat penagihan",noun,
binary,biner,noun,
bitrate,bitrate,noun,
block,blok,noun,"Dalam konteks blok Gutenberg. Lihat https://developer.wordpress.org/block-editor/contributors/glossary/"
"block editor","editor blok",noun,"editing tool"
blockquote,blockquote,noun,
blog,blog,noun,
"blog address","alamat blog",noun,
"blog post","artikel blog",noun,"Versi panjang dari ""post""."
"blog theme","tema blog",noun,
blogger,bloger,noun,
Blogroll,"senarai blog",noun,
"blok inserter","blok inserter",noun,
blurb,uraian,noun,
"Blush bordeaux","blush bordeaux",noun,
"Blush light purple","ungu terang kemerahan light purple",noun,
"body text","text badan teks",noun,
bold,tebal,adjective,
bookmark,bookmark,noun,
bookmarklet,bookmarklet,noun,
border,garis,noun,
box,kotak,noun,
boxed,dikemas,verb,
"boxed width","lebar berbingkai",noun,"Istilah layout design https://www.logique.co.id/blog/2019/07/18/memilih-desain-template/"
brand,merek,noun,
branding,branding,noun,
breadcrumb,breadcrumb,noun,"Konteks: jenis navigasi khusus. Baca: https://www.wpglossary.net/word/breadcrumbs/"
breakpoint,breakpoint,noun,
browse,menjelajah,verb,
browser,browser,noun,
"browser user agent string","string pengenal browser",noun,
browsing,menjelajah,verb,
BuddyPress,BuddyPress,noun,
budget,anggaran,noun,
bug,gangguan,noun,
"bug report","laporan gangguan",noun,
"build directory","build directory",noun,"Istilah dalam programming saat melakukan kompilasi terhadap berkas statis (js,css,svg)"
"build file","build file",noun,"Istilah dalam programming saat melakukan kompilasi terhadap berkas statis (js,css,svg)"
"build package","build package",noun,"Istilah dalam programming saat melakukan kompilasi terhadap berkas statis (js,css,svg)"
builds,builds,noun,"Istilah dalam programming saat melakukan kompilasi terhadap berkas statis (js,css,svg)"
built-in,terintegrasi,adjective,
bulk,"jumlah besar",noun,
"bulk action","aksi masal",noun,
"bullet list","daftar bersimbol",noun,
"bulleted list","daftar bersimbol",noun,
bundle,bundel,noun,
button,tombol,noun,"Konteksnya adalah ""button"" pada layar untuk diklik oleh pengguna."
"by default",otomatis,adverb,
cache,cache,noun,
"call to action","call to action",expression,
call-back,"memanggil kembali",verb,
cancel,batalkan,verb,
canceled,dibatalkan,verb,
canceling,membatalkan,verb,
canonical,kanonis,adjective,"Kecuali untuk tag rel=""canonical"", maka tetap canonical."
capabilities,kemampuan,noun,
capability,kemampuan,noun,
capitalize,"menulis dengan huruf besar",verb,"Tentang cara penulisan sebuah kata."
capitalized,"ditulis dengan huruf besar",verb,
capitalizes,"menulis dengan huruf besar",verb,
captcha,captcha,noun,
caption,keterangan,noun,
cart,keranjang,noun,
case-sensitive,"peka huruf besar-kecil",adjective,
catalog,katalog,verb,
categorize,mengkategorikan,verb,
categorized,dikategorikan,verb,
category,kategori,noun,"Digunakan untuk mengelompokkan artikel dengan isi yang sama untuk membantu navigasi situs."
centered,"di tengah",adjective,
centimeter,sentimeter,noun,
centralize,memusatkan,verb,
centralized,dipusatkan,verb,
change,mengubah,verb,"Gunakan bentuk kata kerja yang sesuai: ""mengubah"" atau ""ubah"""
changed,diubah,verb,
"character code","kode karakter",noun,
"character entity reference","referensi kumpulan huruf",noun,
"character set","kumpulan huruf",noun,
chat,obrolan,noun,"Akan tetapi, ""live chat"" tidak diterjemahkan."
"check out",keluar,verb,
checkbox,checkbox,noun,
CheckList,CheckList,noun,"Komponen UI"
checkout,checkout,noun,
"child theme","tema turunan",noun,
"children blocks","blok turunan",noun,
citation,kutipan,noun,
"classic editor","editor klasik",noun,"editing tool"
clear,memperjelas,verb,
clear,bersihkan,verb,
click,klik,verb,"Atau ""mengklik"" saat mendapatkan imbuhan me- (sesuai entri di KBBI: https://kbbi.kemdikbud.go.id/entri/mengklik)"
clicked,ditekan,verb,
clipboard,"papan klip",noun,
clone,menduplikasi,verb,"Gunakan bentuk kata kerja yang sesuai: ""menduplikasi"" atau ""duplikasi"""
clone,klon,noun,
close,tutup,verb,
closed,ditutup,verb,
COD,"Cash on Delivery",expression,
"Code of Conduct","Kode Etik",noun,
collapse,runtuhkan,verb,"Kebalikan dari expand. ""Expand/Collapse"" suatu daftar."
color,warna,noun,
"color picker","pemilih warna",noun,
"color scheme","skema warna",noun,
colorful,berwarna-warni,adjective,
column,kolom,noun,
"Coming Soon mode","mode Segera Hadir",noun,
comment,"memberikan komentar",verb,"Gunakan bentuk kata kerja yang sesuai: ""memberikan komentar"" atau ""beri komentar"""
comment,komentar,noun,
"Commercial Plugin","Plugin Komersial",noun,
commit,commit,verb,"konteks Version Control"
common,umum,adjective,
compat,sesuai,adjective,"Singkatan dari kata ""compatible""."
compatibility,kompatibilitas,noun,
compatible,sesuai,adjective,
complete,lengkap,adjective,
computer,komputer,noun,
"conditional tag","tag kondisional",noun,
configuration,konfigurasi,noun,
configure,"membuat konfigurasi",verb,"Gunakan bentuk kata kerja yang sesuai: ""membuat konfigurasi"", ""buat konfigurasi"" atau ""konfigurasikan"""
confirm,mengonfirmasikan,verb,"Gunakan bentuk kata kerja yang sesuai: ""mengonfirmasikan"" atau ""konfirmasi"""
connect,menyambungkan,verb,"Gunakan bentuk kata kerja yang sesuai: ""menyambungkan"" atau ""sambungkan"""
connection,koneksi,noun,
constant,constant,noun,"Istilah pemrograman."
"contact form","formulir kontak",noun,
"contact info","info kontak",noun,
content,konten,noun,
contribute,membantu,verb,
contribution,kontribusi,noun,
contributor,kontributor,noun,
conversion,perubahan,noun,
convert,mengubah,verb,"Gunakan bentuk kata kerja yang sesuai: ""mengubah"" atau ""ubah"""
cookie,kuki,noun,
copyright,"hak cipta",noun,
core,core,noun,"Dalam konteks WordPress Core."
countdown,"hitung mundur",noun,
coupon,kupon,noun,
"coupon code","kode kupon",noun,
course,kursus,noun,
crawl,memindai,verb,
create,membuat,verb,"Gunakan bentuk kata kerja yang sesuai: ""membuat"" atau ""buat"""
"Creative Commons","Creative Commons",noun,"Nama organisasi yang mengeluarkan lisensi, nama lisensinya juga disebut Creative Commons. (https://creativecommons.org/licenses/?lang=id)"
credits,penghargaan,noun,"Dalam konteks pemberian penghargaan pada seseorang yang berkontribusi."
crop,memotong,verb,"Gunakan bentuk kata kerja yang sesuai: ""memotong"" atau ""potong"""
cross-sell,"penjualan silang (cross-selling)",noun,
CSS,CSS,noun,
CSV,CSV,noun,
CTA,"call to action",expression,
custom,khusus,adjective,
"custom colors","warna khusus",noun,"Bagian dari pembaruan Desain Khusus, memungkinkan pengguna untuk menyesuaikan palet warna situs mereka."
"custom CSS","CSS khusus",noun,"CSS adalah singkatan dari ""Cascading Style Sheets."" CSS adalah bahasa yang digunakan untuk mengontrol tata letak dan tampilan situs web. Custom CSS adalah bagian dari peningkatan Custom Design, memungkinkan pengguna untuk mengedit dan menambahkan CSS khusus di situs mereka."
"custom field","bidang khusus",noun,
"Custom Post Type","Tipe Artikel Khusus",noun,
customer,pelanggan,noun,
customizable,"dapat dimodifikasi",adjective,
customization,kustomisasi,noun,
customize,mengatur,verb,"Dapat juga diterjemahkan menjadi menyesuaikan, mengelola, dan lainnya sesuai konteks."
customize,sesuaikan,verb,
customized,disesuaikan,verb,
Customizer,Customizer,noun,"Fitur yang memungkinkan pengguna untuk menyesuaikan dan melakukan pratinjau tema apa pun sebelum mengaktifkan perubahan."
dashboard,dasbor,noun,
dashicon,dashicon,noun,
database,"basis data",noun,
datacenter,"pusat data",noun,
"date range","rentang tanggal",noun,
deactivate,menonaktifkan,verb,"Gunakan bentuk kata kerja yang sesuai: ""menonaktifkan"" atau ""nonaktifkan"""
deactivated,dinonaktifkan,verb,
debug,debug,verb,
debug,"melakukan debug",verb,
decoding,"mengurai kode",verb,
decoding,dekode,verb,
default,standar,adjective,
"default theme","tema asal",noun,
"defaults to","memakai pengaturan awal",expression,
delete,hapus,verb,
deleted,dihapus,verb,
delivery,pengantaran,noun,
dependency,dependensi,noun,"Istilah pemrograman, seperti dalam Dependency Management"
deprecated,usang,adjective,
desc,"urut turun",adjective,
descending,"urut turun",adjective,
description,deskripsi,noun,
design,desain,noun,
designation,penunjukan,noun,
details,detail,noun,
developer,developer,noun,
"development version","versi pengembangan",noun,
device,perangkat,noun,
dialog,percakapan,noun,
digitize,"melakukan digitalisasi",verb,
dimension,dimensi,noun,
direction,arah,noun,
directive,directive,noun,"Istilah teknis pemrograman, tidak perlu diterjemahkan. https://developer.wordpress.org/block-editor/reference-guides/interactivity-api/api-reference/"
directory,direktori,noun,
disable,menonaktifkan,verb,"Gunakan bentuk kata kerja yang sesuai: ""menonaktifkan"" atau ""nonaktifkan"""
disabled,dinonaktifkan,verb,
disconnect,"putuskan sambungan",verb,
discussion,diskusi,noun,
dismiss,menutup,verb,"Gunakan bentuk kata kerja yang sesuai: ""menutup"" atau ""tutup"""
dismissed,ditutup,verb,
display,tampilan,noun,
display,menampilkan,verb,"Gunakan bentuk kata kerja yang sesuai: ""menampilkan"" atau ""tampilkan"""
"Distraction Free","Mode Bebas Gangguan",noun,https://wordpress.org/documentation/article/distraction-free-mode/
"Distraction Free Writing","Menulis Tanpa Gangguan",expression,"A full-screen editing mode, more info: http://en.support.wordpress.com/distraction-free-writing/"
docker,docker,noun,
"Document overview","Ringkasan dokumen",noun,"Merujuk pada fitur Block Editor atau Gutenberg https://wptavern.com/gutenberg-14-5-introduces-new-document-overview-panel-improves-block-spacing-controls "
documentation,dokumentasi,noun,
"does not exist","tidak ditemukan",adjective,
domain,domain,noun,
"domain registrar","domain registrar",noun,
done,selesai,adjective,
download,mengunduh,verb,"Gunakan bentuk kata kerja yang sesuai: ""mengunduh"" atau ""unduh"""
download,unduhan,noun,
downsell,downsell,noun,
draft,konsep,noun,
drag,seret,verb,"contoh: drag block, yang artinya seret blok dari satu tempat ke tempat lain"
"drag and drop",seret-lepas,expression,
"drag and drop builder","pembangun seret-lepas",expression,
"Drop Cap","Huruf Awal Besar",noun,
"drop down list","daftar drop down",noun,
"drop down menu","menu drop down",noun,
Drop-in,drop-in,expression,
dropdown,dropdown,noun,"Konteks: komponen UI (User interface)"
duplicate,"melakukan duplikasi",verb,
duplication,duplikasi,noun,
e-commerce,e-commerce,noun,
eCommerce,eCommerce,noun,
edit,edit,verb,
Editor,Editor,noun,"Perangkat penyuntingan (Mis. visual editor, theme editor, plugin editor)."
editor,penyunting,noun,"Grup peran pengguna."
email,e-mail,noun,
"email address","alamat e-mail",noun,"Menjelaskan inbox tujuan pengiriman pesan e-mail. Contohnya adalah myname@gmail.com."
embed,sematan,noun,
embed,menyematkan,verb,"Gunakan bentuk kata kerja yang sesuai: ""menyematkan"" atau ""sematkan"""
embedded,tersemat,verb,
emoji,emoji,noun,
emoticon,emotikon,noun,
enable,mengaktifkan,verb,"Gunakan bentuk kata kerja yang sesuai: ""mengaktifkan"" atau ""aktifkan"""
enabled,diaktifkan,verb,
encoding,pengodean,noun,
endpoint,endpoint,noun,
endpoints,endpoints,noun,
enter,memasukkan,verb,"Gunakan bentuk kata kerja yang sesuai: ""memasukkan"" atau ""masukkan"""
ENTER,ENTER,noun,"Konteks: tombol pada keyboard"
entry,entri,noun,
erasure,penghapusan,noun,
error,eror,noun,
esc,esc,noun,"Tombol escape pada keyboard"
Escape,Escape,noun,"Tombol escape pada keyboard."
event,kegiatan,noun,
event,event,noun,"Konteks: WP cron https://developer.wordpress.org/plugins/cron/understanding-wp-cron-scheduling/ Contoh: Scheduled events are what periodically looks for updates to plugins, themes and WordPress itself."
excerpt,kutipan,noun,"Deskripsi singkat dari artikel blog Anda."
existing,"yang ada",adjective,
expand,memperluas,verb,"Gunakan bentuk kata kerja yang sesuai: ""memperluas"" atau ""perluas"""
export,mengekspor,verb,"Gunakan bentuk kata kerja yang sesuai: ""mengekspor"" atau ""ekspor"""
export,ekspor,noun,
expression,ekspresi,noun,
extend,memperluas,verb,"Gunakan bentuk kata kerja yang sesuai: ""memperluas"" atau ""perluas"""
extension,ekstensi,noun,
extra,ekstra,noun,
fall-back,fall-back,verb,
FAQ,"Pertanyaan yang Sering Diajukan",noun,"Atau gunakan ""Tanya Jawab"" untuk versi yang lebih singkat."
favicon,favicon,noun,"The tiny image that usually shows up in the browser address bar when visiting a site. See also Blavatar"
favorite,favorit,adjective,
feature,fitur,noun,
featured,unggulan,adjective,
"featured image","gambar andalan",noun,
"featured post","pos andalan",noun,
fee,biaya,noun,
feed,feed,noun,
feedback,respon,noun,"wp-admin feature"
feedback,masukan,noun,"management term"
feeds,feed,noun,
fetch,ambil,verb,
field,bidang,noun,
"Field Guide","Panduan Lapangan",noun,
file,berkas,noun,
"file permission","file permission",noun,
filesystem,filesystem,noun,
"filled button","tombol penuh",noun,
filter,penyaring,noun,
"filter by","filter berdasarkan",expression,
"filter hook","filter hook",noun,"Istilah khusus dalam standar pemrograman WordPress"
find,menemukan,verb,
"first name","nama depan",noun,
fix,memperbaiki,verb,"Gunakan bentuk kata kerja yang sesuai: ""memperbaiki"" atau ""perbaiki"""
fix,perbaikan,noun,
fixed,tetap,adjective,
"fixed layout","tata letak tetap",noun,
flag,peringatan,noun,
"flat rate","tarif tetap",noun,"Ada di WooCommerce"
flex,flex,noun,"Istilah khusus bahasa pemrograman CSS (Cascading Style Sheet)."
flexible,fleksibel,adjective,
flip,balik,verb,
fluid,fleksibel,adjective,
focus,fokus,verb,
folder,folder,noun,
follow,mengikuti,verb,
follower,pengikut,noun,
follower,follower,noun,"website and social media followers"
font,"jenis huruf",noun,
"font color","warna font",noun,
"font family","kelompok font",noun,
"font size","ukuran font",noun,
"font style","gaya font",noun,
footer,footer,noun,
forbidden,dilarang,verb,
form,formulir,noun,
formatting,"pengaturan format/pemformatan",noun,
forum,forum,noun,
Forward/slash,"garis miring",noun,
frame,bingkai,noun,
free,gratis,adjective,
"Frequently Asked Questions","Tanya Jawab",noun,
"front end","ujung depan",noun,
"Front page","Halaman depan",noun,
front-end,"ujung depan",noun,
frontend,frontend,adjective,
"full screen","layar penuh",adjective,
"full width","lebar penuh",adjective,
gallery,galeri,noun,"Kumpulan gambar yang disematkan dalam artikel atau halaman. Biasanya masing-masing gambar ditampilkan dalam ukuran thumbnail."
general,umum,adjective,
global,global,adjective,
"global dashboard","dasbor global",noun,
"global settings","pengaturan global",noun,
GlotPress,GlotPress,noun,
gradient,gradien,noun,
gravatar,gravatar,noun,"Foto profil yang mewakili pengguna. Baca: https://en.gravatar.com/support/what-is-gravatar/"
grid,kisi,noun,
guest,tamu,noun,
h:ia,h:ia,abbreviation,"Format waktu dalam PHP. Tidak perlu diterjemahkan"
handbook,"buku panduan",noun,
handle,penangan,noun,"Contoh: ""file handle"" menjadi ""penangan berkas""."
handler,handler,noun,
hash,hash,noun,
header,header,noun,
"header image","gambar header",noun,"Gambar background yang terletak di bagian atas artikel/halaman."
Headers,Header,noun,
heading,judul,noun,
headline,"tajuk utama",noun,
helpdesk,bantuan,noun,
HelpHub,HelpHub,noun,
hero,hero,noun,"Bagian dari komponen layout"
hex,hex,noun,"Singkatan dari hexademical. Istilah khusus tidak perlu diterjemahkan."
hide,sembunyikan,verb,
hierarchy,hirarki,noun,
home,beranda,noun,
"home page","halaman awal",noun,
homepage,beranda,noun,
hook,hook,noun,"Fungsi di dalam WordPress. Baca: https://developer.wordpress.org/plugins/hooks/"
host,"penyedia hosting",noun,
hosting,hosting,noun,
"hosting provider","penyedia hosting",noun,"Lihat host."
hosts,host,noun,
hover,mengarahkan,verb,"Mengarahkan pointer mouse ke objek tertentu. Misalnya: tautan. Gunakan bentuk kata kerja yang sesuai: ""mengarahkan"" atau ""arahkan"""
"hover effect","efek hover",adjective,
howdy,"apa kabar",expression,
HTML,HTML,noun,
https,https,noun,
hue,warna,noun,
hyperlink,tautan,noun,
icon,ikon,noun,
ID,ID,noun,
IDE,IDE,noun,
Image,Gambar,noun,
import,impor,verb,
importer,pengimpor,noun,
inactivate,nonaktifkan,verb,
inactive,non-aktif,adjective,
inbox,inbox,noun,
index,indeks,noun,
influencer,influencer,noun,
inline,inline,adjective,
inner,inner,adjective,
input,input,noun,
insert,menambahkan,verb,"Gunakan bentuk kata kerja yang sesuai: ""menambahkan"" atau ""tambahkan"""
inserted,ditambahkan,verb,
inserter,inserter,noun,
install,menginstal,verb,
"Interactivity API","API Interaktivitas",noun,
interface,interface,noun,
internationalization,internasionalisasi,verb,
internet,internet,noun,
invalid,"tidak valid",adjective,
invoice,tagihan,noun,
"IP address","alamat IP",noun,
issue,kendala,noun,
italic,miring,adjective,
item,bagian,noun,"Bisa pakai terjemahan lain dan sesuaikan dengan konteks. Karena biasanya item ini tidak berdiri sendiri dan merujuk ke objek atau kalimat sebelumnya."
item,item,noun,
"j M Y","j M Y",abbreviation,"Syntax format tanggal dan waktu. Baca: https://wordpress.org/support/article/formatting-date-and-time/"
JavaScript,JavaScript,noun,
"jS F Y","j F Y",abbreviation,"Syntax format tanggal dan waktu. Baca: https://wordpress.org/support/article/formatting-date-and-time/"
"key master","key master",noun,
keyboard,keyboard,noun,
keyword,"kata kunci",noun,"Kata atau kumpulan kata yang mewakili situs web."
label,label,noun,
"landing page","halaman arahan",noun,"Mengacu pada halaman tunggal yang dirancang untuk tujuan meyakinkan pengunjung mengambil suatu tindakan"
language,bahasa,noun,
"last name","nama belakang",noun,
latest,terbaru,adjective,
layout,"tata letak",noun,
"lazy loading","pemuatan lambat",noun,"Ini istilah untuk pemuatan gambar yang dilakukan menyesuaikan posisi konten yang sedang dimuat"
"Learn More","Pelajari Lebih Lanjut",expression,
legacy,warisan,adjective,
"letter spacing","spasi huruf",noun,
level,level,noun,
library,pustaka,noun,
"licensed under",berlisensi,expression,
lightness,rona,noun,"Dalam konteks warna"
Like,Suka,noun,
likes,likes,noun,
"line height","tinggi baris",noun,
linear,linier,adjective,
link,tautan,noun,
link,menautkan,verb,"Gunakan bentuk kata kerja yang sesuai: ""menautkan"" atau ""tautkan"""
list,daftar,noun,"Nama blok yang di dalamnya terdapat daftar bernomor atau tanpa nomor."
"list item","isi daftar",noun,
livestream,livestream,noun,
"load times","waktu muat",noun,
locale,setempat,noun,"Banyak digunakan untuk menjelaskan bahasa setempat yaitu bahasa nasional yang digunakan di setiap negara."
localization,pelokalan,noun,
localize,melokalkan,verb,
location,lokasi,noun,
log,log,verb,
"log in",login,expression,
"log out",logout,expression,
"logged in","sudah login",adjective,
"logged out","sudah logout",adjective,
login,login,verb,
logotype,logotype,noun,
logout,logout,verb,
loop,loop,noun,"Istilah dalam pemrograman PHP di WordPress. Baca: https://codex.wordpress.org/The_Loop"
loopback,loopback,noun,
lowercase,"huruf kecil",noun,
"Luminous dusk","Luminous dusk",noun,"Ini nama warna"
"M d","d M",abbreviation,"Syntax format tanggal dan waktu. Baca: https://wordpress.org/support/article/formatting-date-and-time/"
"M j, Y","j M, Y",abbreviation,"Syntax format tanggal dan waktu. Baca: https://wordpress.org/support/article/formatting-date-and-time/"
"M jS","j M",abbreviation,"Syntax format tanggal dan waktu. Baca: https://wordpress.org/support/article/formatting-date-and-time/"
magazine,majalah,noun,
mailbox,"kotak pesan",noun,
main,utama,adjective,
"main block","blok utama",noun,
maintenance,pemeliharaan,noun,
major,utama,adjective,
malware,malware,noun,
manage,mengelola,verb,"Gunakan bentuk kata kerja yang sesuai: ""mengelola"" atau ""kelola"""
management,manajemen,noun,
manager,pengelola,noun,
mark,tandai,verb,
match,sesuai,verb,
maximize,memaksimalkan,verb,
media,media,noun,
"media library","pustaka media",noun,
"media uploader","pengunggah media",noun,
member,anggota,noun,
memory,memori,noun,
mentor,mentor,noun,
menu,menu,noun,
"menu item","isi menu",noun,
"menu location","lokasi menu",noun,
merge,menggabungkan,verb,
message,pesan,noun,
meta,meta,noun,
"meta box","kotak meta",noun,
"meta data","data meta",noun,
metadata,metadata,noun,
meter,meter,noun,
method,metode,noun,
migrate,migrasi,verb,
millimeter,milimeter,noun,
minimal,minimal,noun,
minimize,minimalkan,verb,
minimized,diminimalkan,verb,
mismatch,ketidaksesuaian,noun,
mobile,ponsel,noun,
"mobile device","perangkat seluler",noun,"Perangkat seperti iPhone, iPad, Android, Windows Phone, Samsung tablet, atau BlackBerry"
modal,modal,noun,"Istilah UI (User Interface)."
mode,mode,noun,
moderate,"melakukan moderasi",verb,"Mengelola komentar, misalnya menyetujui atau menandai komentar sebagai spam."
moderated,dimoderasi,verb,
moderation,moderasi,noun,
moderator,moderator,noun,
modlook,modlook,noun,
module,modul,noun,
monospaced,"spasi tunggal",adjective,
multi-event,multi-event,noun,
"Multiline textarea","textarea multibaris",noun,
multisites,multisitus,noun,
n/a,n/a,noun,"Singkatan dari ""not applicable"""
"name server","nama server",noun,
"name servers","name servers",noun,
nameserver,nameserver,noun,
namespace,namespace,noun,
navigation,navigasi,noun,
nested,bertingkat,verb,
network,jaringan,noun,
"Network Admin","Admin Jaringan",noun,
newer,"lebih baru",adjective,
newest,terbaru,adjective,
next,selanjutnya,adverb,
nickname,"nama panggilan",noun,
"non-breaking space","spasi penggabung",noun,"Mengacu pada elemen dalam bahasa pemrograman HTML https://urlwebsite.com/blog/non-breaking-space-nbsp/ https://id.wikipedia.org/wiki/Spasi_penggabung "
nonce,nonce,noun,"Istilah dalam pemrograman PHP di WordPress. Baca: https://codex.wordpress.org/WordPress_Nonces"
none,nihil,noun,
normal,normal,noun,
"not sticky","tidak lekat",adjective,"Biasanya ditemukan dalam konteks status artikel."
note,catatan,noun,
notice,peringatan,noun,
notification,pemberitahuan,noun,
noun,"kata benda",noun,
"numbered list","daftar bernomor",noun,
oEmbed,oEmbed,noun,
offline,offline,adjective,
offset,offset,noun,
older,sebelumnya,adjective,
oldest,terdahulu,adjective,
"on sale","sedang diskon",expression,
online,online,adjective,
Oops,Waduh,expression,"Tersedia di KBBI https://kbbi.kemdikbud.go.id/entri/waduh"
"open source","open source",noun,
opt-in,opt-in,verb,
opt-out,opt-out,verb,
optimization,optimasi,verb,
optimize,mengoptimalkan,verb,
option,pilihan,noun,
optional,opsional,adjective,
"opts in",menyertakan,noun,
"opts out",mengeluarkan,noun,
order,menyusun,verb,"Dalam konteks menempatkan sesuatu secara beraturan. Gunakan bentuk kata kerja yang sesuai: ""menyususn"" atau ""susun"""
order,pesanan,noun,
order,memesan,verb,"Dalam konteks membuat pesanan. Gunakan bentuk kata kerja yang sesuai: ""memesan"" atau ""pesan"""
"ordered list","daftar pesanan",noun,
organization,organisasi,verb,
organize,menyelenggarakan,verb,"Dalam konteks menyelenggarakan kegiatan."
organize,mengatur,verb,"Gunakan bentuk kata kerja yang sesuai: ""mengatur"" atau ""atur"""
organizer,organizer,noun,"Dalam konteks meetup dan WordCamp."
original,orisinal,noun,https://kbbi.kemdikbud.go.id/entri/orisinal
original,asli,noun,
"out of stock","stok habis",expression,
outdated,"belum diperbarui",adjective,
outline,ikhtisar,noun,
overlay,overlay,noun,
override,mengesampingkan,verb,"Gunakan bentuk kata kerja yang sesuai: ""mengesampingkan"" atau ""kesampingkan"""
override,penimpaan,noun,
overview,ringkasan,noun,
padding,padding,noun,
page,halaman,noun,"Biasanya digunakan untuk menampilkan informasi statis, misalnya tentang diri Anda atau situs Anda. Baca: https://www.wpglossary.net/word/page/"
pagination,paginasi,noun,"Lihat referensi https://kbbi.kemdikbud.go.id/entri/paginasi"
paid,lunas,adjective,"Untuk status pembayaran"
"Pale ocean","Pale ocean",noun,"Nama warna yang tidak perlu diterjemahkan"
Pallete,Palet,noun,
parameter,parameter,noun,
"parent theme","tema utama",noun,
passphrase,"frasa sandi",noun,
password,"kata sandi",noun,
"password strength","keamanan kata sandi",noun,
path,jalur,noun,
pattern,pola,noun,
pending,tertunda,adjective,
perform,menjalankan,verb,"Gunakan bentuk kata kerja yang sesuai: ""menjalankan"" atau ""jalankan"""
permalink,permalink,noun,"URL unik untuk halaman atau artikel yang spesifik pada situs Anda. Baca: https://wordpress.org/support/article/glossary/#permalink"
permission,izin,noun,
persona,individu,noun,
personal,pribadi,adjective,
personalization,personalisasi,noun,"Lihat referensi https://kbbi.kemdikbud.go.id/entri/personalisasi"
personalize,"membuat sesuai keinginan",verb,
photo,foto,noun,
picker,picker,noun,"Umumnya digunakan dalam sebuah padanan kata misalnya time picker, date picker atau color picker."
PIN,PIN,noun,
pin,menyematkan,verb,"Gunakan bentuk kata kerja yang sesuai: ""menyematkan"" atau ""sematkan"""
ping,ping,noun,
pingback,pingback,noun,
pixel,piksel,noun,"Lihat referensi KBBI https://kbbi.kemdikbud.go.id/entri/piksel"
placeholder,placeholder,noun,"Istilah UI."
plain,dasar,adjective,
"plain text","teks dasar",noun,
playback,playback,noun,
playlist,"daftar putar",noun,
please,mohon,verb,
plugin,plugin,noun,
PM,PM,noun,
podcast,podcast,noun,
poll,pemilihan,noun,
popup,"pop up",noun,
"portfolio page","halaman portofolio",noun,
"portfolio theme","tema portofolio",noun,
post,pos,noun,"Merujuk pada entri blog. Baca: https://wordpress.org/support/article/glossary/#post"
post,menuliskan,verb,"Digunakan dalam konteks menuliskan artikel blog."
"post format","format pos",noun,
"post list","daftar pos",noun,"Daftar pos, di halaman terpisah atau di widget, ditampilkan dengan pengaturan tertentu."
"post meta","meta pos",noun,"Digunakan untuk tema. Artikel meta di tema biasanya mencakup nama penulis, tanggal publikasi, kategori dan tag. Baca: https://wordpress.com/id/support/penyunting-wordpress/blok/blok-pos-blog/#pengaturan-meta-pos"
"post status","status pos",noun,
"post thumbnail","thumbnail pos",noun,
"post type","tipe pos",noun,"Gunakan dalam konteks non-teknis"
"post type","tipe konten",noun,"Gunakan dalam konteks teknis"
posted,ditampilkan,verb,
"Powered by WordPress","Dipersembahkan oleh WordPress",expression,
predefined,ditentukan,adjective,
preferences,preferensi,noun,
prefetch,"mengambil sebelumnya",verb,
prefetch,"ambil sebelumnya",verb,
prefetched,"diambil sebelumnya",verb,
prefill,"mengisi sebelumnya",verb,
prefill,"isi sebelumnya",verb,
prefilled,"diisi sebelumnya",verb,
prefix,awalan,noun,
"preflight check","pemeriksaan pendahuluan",expression,
preformat,"membuat format sebelumnya",verb,
preformat,"format sebelumnya",verb,
preformatted,"diformat sebelumnya",verb,
premium,premium,adjective,
preset,preset,noun,"Tidak perlu diterjemahkan"
"Press This","Press This",noun,"nama fitur"
preview,"melakukan pratinjau",verb,"Jika Anda ingin melihat perubahan pengaturan sebelum disimpan. Gunakan bentuk kata kerja yang sesuai: ""melakukan pratinjau"" atau ""lakukan pratinjau"""
previewed,"ditinjau sebelumnya",verb,
previous,sebelumnya,adjective,
"previous post","artikel sebelumnya",noun,
"pricing table","tabel harga",noun,
priority,prioritas,adjective,
privacy,privasi,noun,
"Privacy Policy","Kebijakan Privasi",noun,
private,privat,adjective,
pro,pro,noun,
problem,kendala,noun,
profile,profil,noun,
progress,progres,noun,"Misal: progres 70% (dalam garis indikator pengunggahan berkas). Kata saduran, https://kbbi.kemdikbud.go.id/entri/progres"
promote,mempromosikan,verb,"Gunakan bentuk kata kerja yang sesuai: ""mempromosikan"" atau ""promosikan"""
promoted,dipromosikan,verb,
proofread,mengoreksi,verb,"Gunakan bentuk kata kerja yang sesuai: ""mengoreksi"" atau ""koreksi"""
proofread,dikoreksi,adjective,
provide,menyediakan,verb,"Gunakan bentuk kata kerja yang sesuai: ""menyediakan"" atau ""sediakan"""
provided,tersedia,adjective,
public,publik,adjective,
publish,memublikasikan,verb,"Gunakan bentuk kata kerja yang sesuai: ""memublikasikan"" atau ""publikasikan"""
published,dipublikasikan,verb,
"publishing platform","platform penerbitan",noun,
pullquote,pullquote,noun,
"QR Code","Kode QR",noun,"Lihat referensi https://id.wikipedia.org/wiki/Kode_QR"
quantity,kuantitas,noun,
query,query,noun,"Istilah pemrograman."
queue,antrian,noun,
"Quick Draft","Quick Draft",noun,"Nama fitur."
quote,kutipan,noun,"Hasil mengutip artikel/tulisan/diskusi/wawancara"
quote,penawaran,noun,"Terkait kegiatan bisnis"
radial,radial,adjective,
"radio button","tombol radio",noun,
randomize,mengacak,verb,"Gunakan bentuk kata kerja yang sesuai: ""mengacak"" atau ""acak"""
randomized,diacak,verb,
"rate limit","batasan rating",noun,
rating,rating,noun,
reactivate,"aktikan kembali",verb,
"Read More","Baca Lebih Lanjut",expression,
"real time","real time",expression,
Reblog,"Blog ulang",verb,
reCAPTCHA,reCAPTCHA,noun,
receipt,resi,noun,
receipt,"tanda terima",noun,
recent,baru,adjective,
recover,memulihkan,verb,
recurring,berulang,adjective,
redirect,mengalihkan,verb,
redo,redo,noun,
redo,membatalkan,verb,"Gunakan bentuk kata kerja yang sesuai: ""membatalkan"" atau ""batalkan"""
refer,merujuk,verb,"sebagai verba"
referrer,perujuk,noun,
refresh,segarkan,verb,
"refund policy","kebijakan pengembalian dana",noun,
register,daftar,verb,
registrant,pendaftar,noun,
registrar,registrar,noun,
reject,menolak,verb,"Gunakan bentuk kata kerja yang sesuai: ""menolak"" atau ""tolak"""
related,berhubungan,adjective,
release,merilis,verb,"Gunakan bentuk kata kerja yang sesuai: ""merilis"" atau ""rilis"""
release,penerbitan,noun,
released,dirilis,verb,
remote,remote,adjective,
"remote CSS","remote CSS",noun,
remove,hapus,verb,
reorder,"menyusun kembali",verb,
"reply to","balas ke",verb,
report,laporan,noun,
repository,repositori,noun,https://kbbi.kemdikbud.go.id/entri/repositori
request,meminta,verb,
request,permintaan,noun,
required,wajib,adjective,
reset,"mengatur ulang",verb,"Gunakan bentuk kata kerja yang sesuai: ""mengatur ulang"" atau ""atur ulang"""
resolution,resolusi,noun,
"respond to",menanggapi,verb,
responsive,responsif,adjective,
"responsive design","desain responsif",noun,
"responsive layout","tata letak responsif",noun,
restore,memulihkan,verb,"Gunakan bentuk kata kerja yang sesuai: ""memulihkan"" atau ""pulihkan"""
restriction,batasan,noun,
resume,lanjutkan,verb,"Konteks: Melanjutkan fungsi/operasi khusus yang dijeda."
retrieve,mendapatkan,verb,
return,kembalian,noun,
return,mengembalikan,verb,"Gunakan bentuk kata kerja yang sesuai: ""mengembalikan"" atau ""kembalikan"""
"return value",hasil,noun,
reusable,"pakai ulang",adjective,
review,tinjauan,noun,
revision,revisi,noun,
ribbon,pita,noun,
"Rich Editor","Rich Editor",noun,
"Rich Text Area","Rich Text Area",noun,
role,peran,noun,
roll-back,mengembalikan,expression,"Pilihan terjemahan lain yang mungkin bisa digunakan adalah: menurunkan, mengurangi, menarik. Sesuaikan dengan konteks. Contoh: ""roll-back theme's version"" bisa diartikan menjadi ""tarik versi tema"" atau ""kembalikan versi tema""."
roll-out,mengeluarkan,expression,
rollback,pemulihan,noun,
rollback,"melakukan pemulihan",verb,"Gunakan bentuk kata kerja yang sesuai: ""melakukan pemulihan"" atau ""lakukan pemulihan"""
root,root,noun,
routing,routing,noun,
row,baris,noun,
RSS,RSS,noun,
RTL,RTL,noun,"Singkatan dari Right-to-left. Selengkapnya baca di https://wordpress.org/support/article/glossary/#rtl"
sandbox,sandbox,noun,
sanitize,membersihkan,verb,"Istilah dalam pemrograman PHP di WordPress. Baca referensi https://developer.wordpress.org/plugins/security/securing-input/#sanitizing-the-data"
saturation,kepekatan,noun,"Dalam konteks warna"
save,simpan,verb,
saved,disimpan,verb,
schedule,jadwal,noun,
scheme,skema,noun,
screen,layar,noun,
"Screen Options","Opsi Layar",noun,
screenshot,"tangkapan layar",noun,
script,script,noun,"Gunakan ""script"" (tidak perlu diterjemahkan) jika merujuk pada bahasa pemrograman. Baca referensi https://en.wikipedia.org/wiki/Scripting_language"
scroll,gulir,verb,
Search,pencarian,noun,
search,mencari,verb,"Gunakan bentuk kata kerja yang sesuai: ""mencari"" atau ""cari"""
"secret key","kunci rahasia",noun,
section,bagian,noun,
select,pilih,verb,
selected,dipilih,verb,
self-hosted,"dikelola sendiri",adjective,
send,kirim,verb,
serialize,serialize,verb,"Istilah dalam pemrograman PHP di WordPress. Lihat referensi: https://developer.wordpress.org/reference/functions/maybe_serialize/"
series,kumpulan,noun,
server,server,noun,
service,layanan,noun,
session,sesi,noun,
set,atur,verb,
set,set,noun,
setting,pengaturan,noun,
setup,pengaturan,noun,
"setup wizard","panduan pengaturan",noun,
share,bagikan,verb,
sharing,membagikan,verb,
"sharing button","tombol berbagi",noun,
shell,shell,noun,
shipping,pengiriman,noun,
shortcode,shortcode,noun,"Teknik menyematkan kumpulan kode snippet PHP ke dalam artikel atau halaman. Lihat referensi: https://wordpress.org/support/article/glossary/#shortcode"
shortcut,pintasan,noun,
shortlink,"tautan pendek",noun,
show,tampilkan,verb,
showcase,galeri,noun,
sidebar,sidebar,noun,
"sign up",daftar,verb,
sign-in,masuk,verb,
signage,"papan nama petunjuk",noun,
simple,sederhana,adjective,
"single post","artikel tunggal",noun,
site,situs,noun,
"site editor","editor situs",noun,
sitemap,"peta situs",noun,
"skip to","melewati hingga",expression,"Gunakan bentuk kata kerja yang sesuai: ""melewati hingga"" atau ""lewati hingga"""
slide,slide,noun,
slider,slider,noun,"Obyek yang menampilkan artikel unggulan atau apa pun dalam bentuk animasi slide teks/gambar."
slideshow,"tampilan slide",noun,
slug,slug,noun,
snippet,potongan,noun,
snippets,snippets,noun,
social,sosial,noun,
"social icon","ikon media sosial",noun,
"social media","media sosial",noun,"Situs jejaring sosial seperti Twitter, Facebook, Pinterest, and lain-lain."
sorry,maaf,adjective,
sort,urutkan,verb,
source,sumber,noun,
spacing,spasi,noun,
spam,spam,noun,
spammer,spammer,noun,
speaker,pembicara,noun,
specify,menentukan,verb,
sponsorship,sponsorship,noun,
Staging,Staging,noun,"Tahapan sebelum rilis website resmi"
start,mulai,verb,
state-of-the-art,canggih,adjective,
"static front page","halaman depan statis",noun,
statistic,statistik,noun,
stats,statistik,noun,
stick,melekatkan,verb,"Gunakan bentuk kata kerja yang sesuai: ""melekatkan"" atau ""lekatkan"""
"stick to",menyematkan,expression,"Gunakan bentuk kata kerja yang sesuai: ""menyematkan"" atau ""sematkan"""
sticky,tersemat,adjective,
"Sticky Post","Sticky Post",noun,"Fitur artikel untuk menampilkan artikel pada posisi paling atas daripada artikel-artikel manapun. Lihat referensi: https://wordpress.org/support/article/sticky-posts/"
strikethrough,"garis coret",noun,
string,string,noun,"Tidak perlu ditermahkan jika terdapat dalam konteks pahasa pemrograman komputer. Baca referensi: https://id.wikipedia.org/wiki/String"
style,style,noun,"Dapat juga diterjemahkan sebagai ""gaya"". Sesuaikan dengan konteks."
styles,pengaturan,noun,
stylesheet,stylesheet,noun,"Tidak perlu diterjemahkan jika terdapat dalam konteks CSS. Lihat referensi: https://developer.wordpress.org/themes/basics/main-stylesheet-style-css/"
styling,pengaturan,noun,
subdirectory,subdirektori,noun,
subdomain,subdomain,noun,"istilah dalam internet"
subject,subjek,noun,
submenu,submenu,noun,
submission,pengajuan,noun,
submit,mengirimkan,verb,"Gunakan bentuk kata kerja yang sesuai: ""mengirimkan"" atau ""kirim"""
submitted,dikirim,verb,
subpanel,subpanel,noun,
subscribe,berlangganan,verb,
subscriber,pelanggan,noun,
subscription,langganan,noun,
Subversion,subversi,noun,
suffix,sufiks,noun,
suggest,menyarankan,verb,
summary,rangkuman,noun,
"super admin","super admin",noun,
superadmin,superadmin,noun,
support,bantuan,noun,"Gunakan ""dukungan"" jika konteksnya bantuan moril. Contoh: ""Saya mendukung gagasan Anda""."
support,"mendukung ",verb,
"support forum","forum bantuan",noun,
survey,survei,noun,
swag,suvenir,noun,
switch,beralih,verb,
"switch to","mengalihkan ke",expression,
"switch to","beralih ke",expression,
"synced pattern","pola tersinkron",noun,
synchronization,sinkronisasi,noun,
synchronize,menyelaraskan,verb,
syntax,syntax,noun,
tab,tabulasi/jendela,noun,
table,tabel,noun,
"Table Prefix","Prefiks Tabel",noun,"prefiks sudah ada di KBBI https://kbbi.kemdikbud.go.id/entri/prefiks"
tag,tag,noun,
"tag cloud","tag cloud",noun,
tagged,ditandai,verb,
tagline,tagline,noun,
tap,ketuk,verb,
target,target,noun,
taxonomy,taksonomi,noun,
team,tim,noun,
template,template,noun,
"template hierarchy","hierarki template",noun,
"template part","komponen template",noun,https://developer.wordpress.org/reference/functions/get_template_part/
term,term,noun,"Komponen yang menjadi bagian dari taksonomi (Kategori, Tag, atau Kategori Khusus). Lihat referensi: https://wordpress.org/support/article/glossary/#term"
"term meta","term meta",noun,
"terms and conditions","syarat dan ketentuan",noun,
"terms of service","ketentuan layanan",noun,
"Terms of use","syarat penggunaan",noun,
testimonial,testimoni,noun,
"text color","warna teks",noun,
"text editor","editor teks",noun,
textdomain,"domain teks",noun,
theme,tema,noun,
Third-party,"Pihak ketiga",noun,
thread,utas,noun,
threaded,berulir,verb,
thumbnail,"gambar mini",noun,
tile,mengotakkan,verb,
tile,kotak,noun,
"time stamp","catatan waktu",noun,
timeline,"lini masa",noun,
timestamp,"stempel waktu",noun,
timezone,"zona waktu",noun,
tips,petunjuk,noun,
title,judul,noun,
title,sapaan,noun,"untuk istilah Ms, Mr, Mrs dst"
"to do","daftar tugas",noun,
toggle,beralih,verb,"Gunakan bentuk kata kerja yang sesuai: ""beralih"" atau ""alihkan"""
token,token,noun,
"Token Map","Token Map",noun,"Istilah teknis pemrograman, tidak perlu diterjemahkan"
tool,alat,noun,
toolbar,toolbar,noun,
tools,perangkat,noun,
tooltip,tooltip,noun,
top-level,"Level atas",adjective,"Menunjukkan hierarki"
topic,topik,noun,
track,trek,noun,"dalam konteks track WordCamp"
trackback,"penelusuran kembali",noun,
trackbacks,trackback,noun,
trademark,trademark,noun,
traffic,aktivitas,noun,"Bisa juga diartikan sebagai lalu lintas atau kunjungan situs. Gunakan sesuai konteks."
transcript,transkrip,noun,
Transient,perpindahan,adjective,
trash,"tempat sampah",noun,
troubleshooting,"pemecahan masalah",noun,
tutorial,tutorial,noun,
tweak,penyesuaian,noun,
Twitter,Twitter,noun,
"Twitter Handle","Nama akun Twitter",noun,"Ini cara orang luar menyebut username di Twitter/nama akun Twitter"
"two factor authentication","autentikasi dua faktor",noun,
type,tipe,noun,
type,ketik,verb,
typeface,"jenis huruf",noun,
Typekit,Typekit,noun,"Nama brand (Adobe Typekit) kalau tidak salah"
typography,tipografi,noun,
UI,UI,abbreviation,"Singkatan dari User Interface. Lihat referensi: https://id.wikipedia.org/wiki/Antarmuka_pengguna"
unapprove,"batalkan persetujuan",verb,
unapproved,"tidak disetujui",verb,
unauthorized,"tidak diberikan akses",verb,
uncategorized,"tidak dikategorikan",verb,
uncheck,"hapus centang",verb,
undelete,"batalkan penghapusan",verb,
"Under the hood","di belakang layar",expression,
undo,undo,noun,
unfollow,"berhenti ikuti",verb,
"Unified extensibility APIs","API ekstensibilitas terpadu",noun,
unmute,bersuara,verb,
"unordered list","daftar tidak berurutan",noun,
unstick,batalkan,verb,
unsubscribe,"berhenti berlangganan",verb,
untrash,"batal membuang",verb,
update,perbarui,noun,
"update email","e-mail pembaruan",noun,
upgrade,upgrade,noun,"Beralih ke versi layanan preimum atau versi berbayar dari sebuah produk. Contoh paket premium dari sebuah tema, plugin, atau layanan di WordPress.com"
upgrade,upgrade,verb,"Beralih ke versi terbaru dari sebuah software, core WordPress, tema, atau plugin."
upgraded,ditingkatkan,verb,
upload,mengunggah,verb,"Gunakan bentuk kata kerja yang sesuai: ""mengunggah"" atau ""unggah"""
uploaded,diunggah,verb,
uploader,pengunggah,noun,
uppercase,"huruf besar",adjective,
upsell,upsell,noun,
URI,URI,abbreviation,"Alamat spesifik dari situs web atau file. Contoh: 
http://www.example.com/, http://www.example.com/reports/index.html. Lihat referensi: https://wordpress.org/support/article/glossary/#url"
URL,URL,abbreviation,
URL-friendly,"ramah URL, URL-friendly",noun,
usability,kegunaan,noun,
user,pengguna,noun,
"user name","nama pengguna",noun,
"user roles","peran pengguna",noun,"Merujuk ke jenis-jenis peran pengguna: Administrator, Editor, Author, Contributor, Follower, Viewer. Lihat referensi: https://wordpress.org/support/article/glossary/#role"
username,"nama pengguna",noun,"Nama pengguna dari sebuah akun yang digunakan untuk login ke admin situs WordPress."
UTC,UTC,abbreviation,"Singkatan dari Universal Time, Coordinated. Lihat referensi: https://wordpress.org/support/article/glossary/#utc"
utilize,memanfaatkan,verb,
valid,valid,adjective,
value,nilai,noun,
"vanilla CSS","CSS murni",noun,
"vanilla JS","JS murni",noun,
variable,variabel,noun,
vendor,vendor,noun,
venue,tempat,noun,
verification,verifikasi,noun,
"verification code","kode verifikasi",noun,
verify,"melakukan verifikasi",verb,
video,video,noun,
"Video Player","Pemutar Video",noun,
view,melihat,verb,"Gunakan bentuk kata kerja yang sesuai: ""melihat"" atau ""lihat"""
view,tampilan,noun,
viewed,dilihat,verb,
visibility,visibilitas,noun,
"visual editor","editor visual",noun,"editing tool"
volunteer,relawan,noun,
walker,walker,noun,"Istilah dalam pemrograman PHP di WordPress. Lihat referensi: https://codex.wordpress.org/Class_Reference/Walker"
warning,peringatan,noun,
"web server","server web",noun,
webhook,webhook,noun,
webpage,"halaman situs",noun,
website,"situs web",noun,
whitelist,whitelist,verb,"Istilah teknis: Whitelist merupakan strategi kontrol dalam menggunakan perangkat atau sistem komputer."
widget,widget,noun,
wildcard,wildcard,noun,"Istilah dalam pemrograman PHP di WordPress."
window,jendela,noun,
wizard,panduan,noun,
WordCamp,WordCamp,noun,"Kegiatan komunitas WordPress. Lihat referensi: https://make.wordpress.org/community/wordcamps/"
"WordCamp Central","WordCamp Central",noun,
WordPress,WordPress,noun,
"WordPress Community Support","WordPress Community Support",noun,
"WordPress Dashboard","Dasbor WordPress",noun,
workflow,"alur kerja",noun,
workshop,"loka karya",noun,
wrapper,wrapper,noun,"Penggunaan dalam konteks HTML/CSS"
write,menulis,verb,
XML-RPC,XML-RPC,noun,"Lihat referensi: http://codex.wordpress.org/XML-RPC_Support"
you,Anda,noun,
"you are about to","Anda akan",expression,
"you are not allowed to","Anda tidak diperbolehkan",expression,
"you don't have permission to","Anda tidak diizinkan",expression,
your,Anda,pronoun,
YouTube,YouTube,noun,
"ZIP code","kode pos",noun,
"zoom in",perbesar,noun,"untuk memperbesar gambar"
